long,lat,hectare,date,age,primary_fur_color
-73.9649611089685,40.7814371834837,21F,10182018,Adult,Cinnamon
-73.9669814346326,40.780390919948,19E,10182018,Adult,Gray
-73.9728360875598,40.7660637295671,03H,10142018,Adult,Black
-73.9775067398903,40.7726566142401,07B,10082018,Adult,Gray
-73.9691094942294,40.776760392858,14E,10082018,Adult,Gray
-73.9713070217071,40.7753795014815,12E,10172018,Adult,Gray
-73.9677387336667,40.7742695912,12H,10072018,Adult,Gray
-73.9563720614251,40.7879453306251,31I,10192018,Adult,Gray
-73.9685604013735,40.7773439909065,15F,10102018,Adult,Gray
-73.9528482858163,40.7922056218325,36I,10072018,Juvenile,Cinnamon
-73.9734762649298,40.7663703404546,03H,10082018,Adult,Gray
-73.9698611971209,40.7753915552001,13F,10082018,Adult,Gray
-73.9596505138955,40.7940367734988,35C,10132018,Adult,Gray
-73.9574648097543,40.7892508428622,31H,10082018,Juvenile,Gray
-73.9728723853967,40.7670816164986,04H,10062018,Adult,Gray
-73.9723736494597,40.7669501343297,04H,10062018,Adult,Gray
-73.9691453885964,40.7770524089712,15E,10082018,Adult,Gray
-73.9595757792683,40.7899242643847,31E,10062018,Adult,Gray
-73.9772624834791,40.7692821918543,04C,10102018,Adult,Gray
-73.9662864884789,40.7891062338302,28A,10072018,Adult,Gray
-73.969756965598,40.7786455091699,16D,10102018,Adult,Gray
-73.9724806580638,40.7710077206132,07F,10082018,Juvenile,Gray
-73.9665363265054,40.7844967881001,23C,10142018,Adult,Gray
-73.9568305513017,40.7974086631267,40C,10062018,Adult,Gray
-73.9590868748584,40.7906047630418,32E,10172018,Adult,Gray
-73.9658747245917,40.7754033737532,14I,10182018,Juvenile,Gray
-73.9657040391563,40.7755567428199,15I,10082018,Adult,Cinnamon
-73.9657288055011,40.7764580036287,16H,10142018,Adult,Gray
-73.9596964641652,40.7957753591585,37B,10182018,Adult,Gray
-73.9630990823243,40.7885764284016,28D,10122018,Adult,Black
-73.9697196619878,40.7814068507607,19B,10192018,Juvenile,Gray
-73.9673490137465,40.7782728130401,17F,10202018,Adult,Gray
-73.9791085350047,40.7677025342633,02C,10132018,Adult,Gray
-73.9766693184436,40.7708879215854,06C,10202018,Adult,Gray
-73.957138759793,40.7955926035055,38D,10062018,Adult,Gray
-73.9749641575871,40.7673305056277,03F,10062018,Adult,Cinnamon
-73.9707542189896,40.7717032986885,09G,10072018,Adult,Gray
-73.9798005188704,40.7691868791734,03A,10172018,Adult,Cinnamon
-73.9654409838612,40.7901338748522,29A,10132018,Adult,Gray
-73.9679661308374,40.7837388390673,22C,10132018,Adult,Gray
-73.9707937464541,40.7725282708448,10G,10172018,Adult,Black
-73.9683066605832,40.7781213930544,16E,10182018,Adult,Gray
-73.9589475065438,40.7934846881536,35D,10132018,Adult,Gray
-73.9559520137172,40.7950536287174,38E,10102018,Adult,Gray
-73.9523001834395,40.7949231000186,39H,10072018,Adult,Gray
-73.9705254801,40.7763606494306,13E,10172018,Adult,Gray
-73.9520592496349,40.7975076299811,42G,10142018,Adult,Cinnamon
-73.9778730762957,40.770827251547,05B,10132018,Adult,Gray
-73.9669017345324,40.7766928987073,15G,10082018,Adult,Gray
-73.9708032298419,40.7784265674544,15C,10102018,Adult,Gray
-73.9610985171525,40.7913867116989,32D,10132018,Adult,Cinnamon
-73.9757001944781,40.769499790547,05E,10082018,Adult,Cinnamon
-73.959701727877,40.790660026971,32E,10072018,Adult,Black
-73.9527430510248,40.7924807950552,36I,10072018,Juvenile,Gray
-73.956502663005,40.788160908881,30I,10062018,Adult,Gray
-73.9761527947483,40.7709607002539,06C,10072018,Adult,Gray
-73.9603268255317,40.7900154505092,31E,10062018,Adult,Gray
-73.9734969320943,40.7722754599865,08E,10132018,Adult,Gray
-73.96388775887,40.7915477304252,31A,10102018,Adult,Gray
-73.9600963639087,40.7934962325313,34C,10072018,Adult,Black
-73.9714952092767,40.7748063281815,12E,10172018,Adult,Gray
-73.9564599077179,40.7965185098695,39D,10122018,Adult,Gray
-73.9634811495245,40.790705585077,30B,10072018,Adult,Gray
-73.962534856258,40.7812134517411,22H,10072018,Adult,Cinnamon
-73.9669207809051,40.7792767850126,18F,10082018,Adult,Gray
-73.9617490680298,40.7921537849244,32C,10132018,Adult,Gray
-73.9765877920583,40.7660946071574,01F,10102018,Adult,Gray
-73.9677146741772,40.7788231332337,17E,10172018,Adult,Gray
-73.9741621946917,40.7752481472025,11C,10182018,Adult,Gray
-73.9744025383371,40.7777296605765,13A,10172018,Adult,Gray
-73.9546616782922,40.790974533739,34I,10102018,Adult,Gray
-73.9690212174,40.7834099404107,21B,10172018,Juvenile,Gray
-73.9695507965155,40.7743070423435,12F,10072018,Adult,Gray
-73.9745800592393,40.767356541975,03F,10062018,Juvenile,Gray
-73.9689893412693,40.785308737683,23A,10182018,Juvenile,Gray
-73.9741846413977,40.7762518164182,12B,10182018,Adult,Gray
-73.9692563597762,40.770904999952,09H,10182018,Adult,Gray
-73.9662310606968,40.7747758221226,14I,10132018,Adult,Gray
-73.9721854790038,40.7761086352438,12C,10132018,Adult,Gray
-73.9561600237284,40.7953143196705,38E,10102018,Adult,Gray
-73.9698064901149,40.7842538115839,21A,10192018,Adult,Gray
-73.969353372175,40.7838247422369,21A,10192018,Juvenile,Gray
-73.9682627382073,40.7730766743452,11H,10102018,Adult,Cinnamon
-73.9675198230918,40.778631094685,17F,10072018,Adult,Cinnamon
-73.9755643404768,40.7697569149388,05E,10122018,Adult,Gray
-73.9691821206863,40.7763203164339,14F,10122018,Adult,Gray
-73.9767369686171,40.7735074437085,08B,10122018,Adult,Cinnamon
-73.9635689059841,40.790163434915,30B,10192018,Adult,Gray
-73.9651217998407,40.7761115392738,15I,10122018,Adult,Gray
-73.9679309130266,40.7792437838039,17E,10172018,Adult,Gray
-73.963716747038,40.7892160137944,29C,10072018,Adult,Gray
-73.9522291603405,40.7976985385835,42G,10142018,Adult,Gray
-73.9694185786221,40.7787189999566,16D,10072018,Adult,Cinnamon
-73.9606817053484,40.7917320450401,32D,10062018,Adult,Gray
-73.9694979297007,40.7694667408721,07I,10132018,Adult,Gray
-73.969847380865,40.7769884612305,14E,10082018,Adult,Gray
-73.9725947179952,40.7794481577234,16A,10132018,Adult,Gray
-73.9793103340869,40.7678201535968,01C,10132018,Adult,Gray
-73.9757249834141,40.7697032606755,05D,10182018,Juvenile,Gray
-73.9719901848577,40.7720525965356,09F,10142018,Adult,Black
-73.9632993246327,40.7888199519656,29C,10072018,Adult,Black
-73.9580813119325,40.7905538237042,32F,10082018,Adult,Gray
-73.9711001278389,40.7787466095841,15C,10172018,Adult,Gray
-73.9675697600155,40.7766797414463,15G,10192018,Adult,Gray
-73.9697924026634,40.7803611152023,18C,10182018,Juvenile,Gray
-73.9705837974358,40.7758494849673,13E,10172018,Adult,Gray
-73.9519081627768,40.7973148719421,41G,10132018,Adult,Gray
-73.9666113598566,40.7752662550312,14H,10122018,Adult,Gray
-73.9548430741605,40.798207350942,41E,10072018,Adult,Gray
-73.9653343572865,40.7775286924617,17H,10072018,Adult,Gray
-73.9613429184974,40.7912158057267,32C,10142018,Adult,Gray
-73.9739737592602,40.7727130476777,09D,10082018,Adult,Gray
-73.9786310308892,40.7669349368183,01D,10062018,Adult,Cinnamon
-73.9624546917649,40.7888234959792,29D,10142018,Juvenile,Gray
-73.9686907918759,40.7839462261858,22B,10132018,Adult,Cinnamon
-73.9615696577673,40.7951278622399,35A,10142018,Adult,Gray
-73.9642666013207,40.7810384867375,21G,10072018,Adult,Gray
-73.9572530843479,40.7987460430546,41B,10102018,Adult,Gray
-73.972154069981,40.7690128009722,06G,10082018,Adult,Gray
-73.9704679459444,40.7773384236212,14D,10192018,Adult,Gray
-73.9713487591577,40.7784353043714,15C,10172018,Adult,Black
-73.9719038949487,40.7703533492482,07G,10102018,Adult,Gray
-73.97296259363,40.7652601851275,01I,10122018,Juvenile,Cinnamon
-73.9801666435401,40.7686905339212,02B,10132018,Adult,Gray
-73.9648831611629,40.7801326414973,19G,10172018,Adult,Gray
-73.9671534029191,40.7810849804467,20D,10072018,Adult,Gray
-73.9576094432477,40.7965342664074,38C,10142018,Adult,Gray
-73.9744960829844,40.7652585501959,01H,10122018,Adult,Gray
-73.9690211935346,40.773038298158,11H,10102018,Adult,Gray
-73.9671813866177,40.7838640032038,22C,10062018,Juvenile,Gray
-73.9712327308512,40.7748702909218,12E,10182018,Juvenile,Cinnamon
-73.9687213827744,40.7843586374648,22B,10142018,Juvenile,Gray
-73.9646901432328,40.775995869679,15I,10122018,Adult,Gray
-73.9584835416846,40.7978213396921,39B,10142018,Adult,Gray
-73.9710991846972,40.7689827824241,06H,10202018,Adult,Gray
-73.9721897915211,40.7660434203132,03I,10102018,Adult,Gray
-73.9555724351776,40.7967602498249,39E,10182018,Adult,Gray
-73.956737220098,40.797580989255,40C,10062018,Adult,Gray
-73.97977158132,40.7706273151066,04A,10072018,Adult,Gray
-73.960237785199,40.7907831607574,32E,10172018,Adult,Black
-73.955754300682,40.79568139974,38E,10142018,Adult,Gray
-73.9777998932399,40.7709815865334,05B,10132018,Adult,Gray
-73.9632868561794,40.7907806312915,30B,10072018,Adult,Gray
-73.9649866016038,40.7764929694457,16I,10082018,Adult,Cinnamon
-73.96660639702,40.7756655031741,14H,10072018,Juvenile,Gray
-73.9708798496132,40.7761532088521,13D,10142018,Adult,Gray
-73.954499539822,40.7949716693686,38F,10182018,Adult,Cinnamon
-73.9610388059192,40.79395293584,34B,10072018,Adult,Gray
-73.9702755805141,40.7783547795222,16D,10102018,Adult,Gray
-73.9704015859639,40.7825600069973,19A,10132018,Adult,Gray
-73.9618591510932,40.7921343738001,32C,10132018,Juvenile,Gray
-73.9712527809516,40.7763310392591,13D,10142018,Adult,Gray
-73.9676191846985,40.777641740817,16F,10132018,Adult,Gray
-73.9520024654602,40.7947329828155,39I,10132018,Adult,Gray
-73.9763116425885,40.7688839576487,04D,10082018,Adult,Cinnamon
-73.9756754297747,40.7738518843446,09B,10132018,Juvenile,Cinnamon
-73.9710801547498,40.7760872452093,13D,10142018,Juvenile,Gray
-73.9611300905602,40.7918743735665,32C,10132018,Adult,Gray
-73.9680204438195,40.7743882322654,13H,10102018,Adult,Gray
-73.9799250782277,40.7676106598889,01B,10122018,Adult,Gray
-73.9541601469123,40.7907832744689,34I,10102018,Adult,Gray
-73.9625416200877,40.7811302397912,21H,10172018,Adult,Cinnamon
-73.9720050204318,40.7699419094168,07G,10102018,Adult,Gray
-73.9773495807135,40.7664559937331,01E,10062018,Adult,Gray
-73.9716147061553,40.7813911036179,18A,10182018,Adult,Gray
-73.9754922970511,40.7707686392991,06D,10082018,Juvenile,Gray
-73.9699876501742,40.7742482676758,12F,10072018,Adult,Gray
-73.964661337306,40.7769785494935,17I,10142018,Adult,Gray
-73.9581173730857,40.7954772170549,37D,10142018,Adult,Gray
-73.9766317094163,40.7734230472026,08B,10072018,Adult,Gray
-73.9711751356843,40.7752422758202,12E,10172018,Juvenile,Gray
-73.9593374341938,40.797258337802,38B,10182018,Adult,Cinnamon
-73.9786940945874,40.7690820276888,03B,10072018,Juvenile,Gray
-73.9735750352959,40.7694500333777,06F,10082018,Adult,Cinnamon
-73.9604083891356,40.7910284106931,32D,10132018,Adult,Gray
-73.9676529780724,40.7823206990549,21D,10082018,Adult,Gray
-73.959077668148,40.7926045823346,34D,10082018,Adult,Black
-73.9654093844049,40.7806896368469,20F,10072018,Adult,Cinnamon
-73.9576652087316,40.7875457977801,29H,10062018,Adult,Gray
-73.9576219570858,40.7963351225672,38C,10192018,Juvenile,Gray
-73.9763433202401,40.7738473490681,09B,10132018,Juvenile,Cinnamon
-73.9804065254162,40.7681481183296,01B,10192018,Adult,Gray
-73.9666521094255,40.7842753517648,23C,10142018,Adult,Gray
-73.9548006161673,40.7945503341011,38G,10202018,Adult,Gray
-73.9675917702187,40.7789922281625,17E,10172018,Adult,Gray
-73.9755560786227,40.7662992317575,02F,10062018,Adult,Gray
-73.9760298241178,40.7681954366911,03E,10082018,Adult,Gray
-73.9698130452581,40.7745000645436,12F,10072018,Adult,Gray
-73.9613701960898,40.7943363227822,35B,10132018,Adult,Gray
-73.9683479943823,40.7815827298303,20C,10182018,Juvenile,Gray
-73.9566785136491,40.7963368332834,39D,10122018,Adult,Gray
-73.9768544488742,40.7680069500977,03D,10062018,Adult,Cinnamon
-73.9720289863666,40.7763749561607,13C,10192018,Adult,Gray
-73.962524814515,40.7810022923615,21H,10182018,Adult,Gray
-73.9714907235676,40.774058386152,11E,10122018,Adult,Gray
-73.9548648518558,40.7946730924872,38F,10132018,Juvenile,Gray
-73.9745040517502,40.77333038538,09C,10062018,Adult,Gray
-73.9683883750097,40.7754344396847,13G,10082018,Juvenile,Gray
-73.9686056085297,40.7781658424866,16E,10142018,Adult,Gray
-73.9678831312936,40.7847605974975,23B,10122018,Adult,Gray
-73.9689204258063,40.7712540588951,09I,10142018,Adult,Cinnamon
-73.9767314435027,40.7661199889431,01F,10102018,Adult,Gray
-73.9635140434993,40.7912807969365,31B,10172018,Adult,Gray
-73.9629615594409,40.7924176425827,32B,10102018,Adult,Gray
-73.9630381400083,40.7807571827321,21H,10182018,Juvenile,Gray
-73.9761792189352,40.7745745517215,09A,10132018,Juvenile,Cinnamon
-73.9708083587471,40.7825429441583,19A,10132018,Adult,Gray
-73.9540652304705,40.7955226178199,39G,10132018,Adult,Gray
-73.9725700261894,40.7668793330427,03H,10142018,Adult,Gray
-73.9611696144784,40.7816692895155,22I,10072018,Adult,Gray
-73.9735533713513,40.7690605609001,05F,10072018,Adult,Gray
-73.9681664642028,40.7724669681958,11I,10122018,Adult,Gray
-73.9734741818047,40.766328451425,03H,10142018,Adult,Cinnamon
-73.9649827807341,40.7817322832767,21F,10182018,Adult,Cinnamon
-73.9618094076328,40.7944097368153,35A,10132018,Adult,Gray
-73.9718553361982,40.7748584798761,11D,10102018,Adult,Gray
-73.9771847728747,40.7695971164981,04C,10062018,Juvenile,Gray
-73.9681810466693,40.7720638449419,10I,10132018,Adult,Gray
-73.9576245992455,40.7873862510001,29H,10062018,Adult,Gray
-73.9773692131441,40.7679771150149,03D,10102018,Adult,Gray
-73.9690104245067,40.7853358193723,23A,10182018,Juvenile,Black
-73.970252675331,40.7705999588222,08H,10172018,Adult,Gray
-73.9768867959365,40.7734803954589,08B,10122018,Adult,Gray
-73.9513477815203,40.7945259614138,39I,10132018,Juvenile,Gray
-73.9719888241794,40.7667681685356,04I,10072018,Adult,Gray
-73.9711810222421,40.7773445611969,14D,10192018,Adult,Gray
-73.9745227769788,40.7673618284782,03F,10062018,Juvenile,Gray
-73.9615817859213,40.7945839663845,35A,10142018,Adult,Cinnamon
-73.9665309689616,40.7775271020244,16G,10102018,Adult,Cinnamon
-73.9657764490284,40.7811923229286,20F,10072018,Adult,Gray
-73.9758152322587,40.7692377401467,04E,10082018,Adult,Gray
-73.9593352806175,40.7918150568046,33E,10142018,Juvenile,Black
-73.9695518341907,40.7762145993937,14E,10082018,Adult,Gray
-73.9717201378775,40.776120280884,13D,10182018,Adult,Gray
-73.9775099290913,40.7697609063137,04C,10102018,Juvenile,Cinnamon
-73.9570722262693,40.7985706143519,40C,10172018,Adult,Gray
-73.9573656523498,40.7979754563974,40C,10172018,Adult,Gray
-73.963623175585,40.7927451068919,32A,10132018,Adult,Gray
-73.9788436368415,40.7691104998969,03B,10102018,Adult,Gray
-73.9679291347956,40.7846973096665,23B,10122018,Adult,Gray
-73.9699799501516,40.7736576286234,11F,10132018,Adult,Gray
-73.9549337398033,40.7946552731628,38F,10132018,Adult,Gray
-73.9584064190878,40.7912992852442,33F,10122018,Adult,Black
-73.9600204328201,40.782877291358,24I,10192018,Adult,Gray
-73.9691585756191,40.776340465695,14F,10072018,Adult,Gray
-73.9746493441414,40.7750478734868,11B,10142018,Adult,Gray
-73.9686756254868,40.7777459102651,16E,10142018,Adult,Gray
-73.9693120090055,40.771096102012,09H,10182018,Adult,Gray
-73.9600357018376,40.7906539766881,32E,10072018,Adult,Gray
-73.971213385696,40.769872094337,07H,10062018,Adult,Gray
-73.9708002461415,40.7726685284831,10F,10192018,Adult,Gray
-73.9777256989362,40.766623699564,01E,10062018,Adult,Gray
-73.9663124560664,40.779544003786,18F,10082018,Adult,Gray
-73.9629483374528,40.7936809905265,33A,10182018,Adult,Gray
-73.956581233786,40.7902127690837,33H,10192018,Adult,Cinnamon
-73.9735137178369,40.769109895294,05F,10072018,Adult,Gray
-73.9712636931964,40.77998098773,17B,10102018,Adult,Gray
-73.9612623577548,40.7911558714527,32D,10132018,Adult,Gray
-73.9703010856224,40.7701983575511,08H,10142018,Adult,Gray
-73.9678613185071,40.7822170887526,20C,10182018,Adult,Gray
-73.9547959269955,40.7925162926273,36H,10082018,Adult,Gray
-73.9773486521595,40.7708454902113,05C,10102018,Adult,Gray
-73.9772422664657,40.773436329163,08A,10132018,Juvenile,Gray
-73.9579967047318,40.7948682042252,37D,10142018,Adult,Gray
-73.9790875480358,40.7676104780657,02C,10102018,Adult,Black
-73.9594332600733,40.7960622445291,37B,10132018,Adult,Gray
-73.9775238847836,40.7675792683587,02D,10072018,Adult,Gray
-73.968891673893,40.7767001471729,15F,10072018,Adult,Gray
-73.9694784056618,40.7787735291442,16D,10102018,Adult,Gray
-73.9651177657676,40.7812408103825,20F,10072018,Juvenile,Gray
-73.9686999860219,40.7844014735136,22B,10142018,Juvenile,Gray
-73.957342596188,40.7944359654227,37E,10062018,Adult,Cinnamon
-73.9618486459307,40.7946365810826,35A,10142018,Adult,Gray
-73.9737773613311,40.7673662611015,03G,10132018,Adult,Gray
-73.9767191629692,40.7730786298701,08B,10122018,Adult,Gray
-73.9502466289084,40.7959228779883,41I,10182018,Juvenile,Gray
-73.9623621412501,40.7814673556041,22H,10072018,Adult,Gray
-73.9706641770728,40.7759229213762,13E,10172018,Adult,Gray
-73.9613747032702,40.7920483852431,33C,10072018,Adult,Gray
-73.9695572903383,40.780822981713,18C,10182018,Adult,Gray
-73.9697665830132,40.7759094917104,13E,10082018,Juvenile,Cinnamon
-73.9711865134364,40.7785039981892,15C,10102018,Adult,Gray
-73.9521110154872,40.7978449143313,42G,10182018,Adult,Gray
-73.9743184653765,40.7667932997,03G,10082018,Adult,Gray
-73.962800448652,40.7915532640139,31B,10072018,Juvenile,Gray
-73.9635290751183,40.7820936628202,22G,10182018,Adult,Gray
-73.9611434082667,40.7893671772846,30E,10082018,Adult,Gray
-73.9765417282001,40.7740994735325,09A,10132018,Juvenile,Gray
-73.9673253417305,40.7749505252981,13H,10102018,Adult,Gray
-73.967472660349,40.7772125619715,16F,10132018,Juvenile,Gray
-73.9630822385425,40.7914844989865,31B,10072018,Juvenile,Gray
-73.9696445614055,40.7791486203627,17D,10082018,Juvenile,Gray
-73.9639048209454,40.7777373345558,18I,10072018,Adult,Gray
-73.9799594281222,40.7701978146968,04A,10072018,Adult,Gray
-73.9676314068477,40.7788030406918,17E,10172018,Adult,Gray
-73.9629184712372,40.7921410511633,32B,10102018,Adult,Gray
-73.9698839750249,40.7781433076692,16D,10102018,Adult,Gray
-73.968045072743,40.7836626717225,22C,10132018,Adult,Cinnamon
-73.95912925497,40.792553028045504,34D,10082018,Adult,Black
-73.9700634278,40.7784223722453,16D,10102018,Adult,Gray
-73.9612398509782,40.7950033150385,35A,10132018,Adult,Gray
-73.9764850086767,40.7737340720562,08B,10072018,Juvenile,Gray
-73.980854228628,40.7678702158382,01B,10122018,Adult,Gray
-73.97016933635,40.7705452529783,08H,10172018,Adult,Gray
-73.9714744574918,40.7736266158925,10E,10102018,Adult,Gray
-73.9555255950648,40.7977720808005,40D,10132018,Adult,Gray
-73.9542770888881,40.7943610366853,38G,10202018,Adult,Gray
-73.9587439756541,40.7849006107353,27I,10072018,Adult,Gray
-73.9767590273554,40.7717561807266,06B,10172018,Adult,Gray
-73.970465600402,40.7701125773248,07H,10062018,Adult,Gray
-73.9748709206354,40.77608025411,11B,10142018,Adult,Gray
-73.9701596268736,40.7702106607329,08H,10142018,Adult,Gray
-73.9596820155238,40.7932886803231,34D,10072018,Adult,Gray
-73.9704831177035,40.7699878995692,07H,10062018,Adult,Gray
-73.9681874036914,40.7817948690964,20C,10182018,Adult,Gray
-73.9594204646985,40.7905923765213,32E,10172018,Adult,Gray
-73.9768096953647,40.7708185213129,05C,10102018,Adult,Cinnamon
-73.9692943291611,40.7769536102488,15E,10132018,Adult,Gray
-73.975809362521,40.7734702737835,08B,10122018,Adult,Gray
-73.9625932664956,40.7885379477349,29D,10142018,Adult,Black
-73.9638837160341,40.7809747900833,21G,10142018,Adult,Gray
-73.9762348224648,40.7694522315322,04D,10082018,Adult,Cinnamon
-73.9656750232596,40.7833002587016,22E,10142018,Adult,Gray
-73.9810032206428,40.7681625634979,01A,10072018,Adult,Gray
-73.9597648775789,40.7903443029725,32E,10072018,Adult,Gray
-73.9730027200009,40.7798000868804,16A,10192018,Adult,Gray
-73.9791141532217,40.7714888835416,05A,10062018,Juvenile,Gray
-73.9712265022781,40.7783790991192,15C,10172018,Adult,Gray
-73.9598875541307,40.7973415580717,38A,10192018,Adult,Gray
-73.9744279648953,40.7777760612191,13A,10142018,Adult,Gray
-73.9695150319891,40.782613519363,20B,10132018,Adult,Gray
-73.9671130680114,40.7784859700171,17F,10072018,Adult,Gray
-73.971970670614,40.7720868124544,09F,10132018,Adult,Gray
-73.9705509170542,40.7689416540228,06I,10132018,Adult,Black
-73.9745709109056,40.7672225695415,03G,10082018,Adult,Gray
-73.9792039071114,40.7678749471267,02C,10102018,Adult,Gray
-73.9738410069766,40.7691686156505,05F,10072018,Adult,Gray
-73.9554327683595,40.7953846381499,38E,10102018,Adult,Gray
-73.9608399003798,40.7817704502248,23I,10192018,Adult,Gray
-73.9638312025305,40.7903826659569,30B,10072018,Adult,Gray
-73.9709040623777,40.7701163892686,07H,10062018,Adult,Gray
-73.9717580228664,40.7715726159383,08F,10122018,Adult,Gray
-73.9761579527932,40.7755877312075,10A,10142018,Adult,Gray
-73.9545799024508,40.7908084039886,34I,10102018,Adult,Gray
-73.9695569897042,40.7712062147171,09H,10182018,Adult,Gray
-73.9767016963397,40.7674012784541,02E,10142018,Adult,Gray
-73.9672950266018,40.7782477517567,17F,10202018,Adult,Gray
-73.9667114027214,40.7768804702473,16G,10172018,Adult,Gray
-73.9766195697096,40.7661907261547,01F,10102018,Adult,Gray
-73.958417813526,40.7927301214476,34E,10062018,Adult,Gray
-73.9772576561244,40.7679895093963,03D,10062018,Adult,Cinnamon
-73.9786474809514,40.7679715341109,02C,10132018,Adult,Gray
-73.9540054100539,40.7952445999836,39G,10132018,Adult,Gray
-73.9743342303548,40.7727742948332,08D,10072018,Adult,Gray
-73.9690832219322,40.782343340986,20B,10132018,Adult,Gray
-73.9640526358598,40.7907411574825,30B,10072018,Adult,Gray
-73.9587787592751,40.7981699014259,40A,10102018,Juvenile,Gray
-73.9511118711108,40.7950813345902,40I,10182018,Adult,Cinnamon
-73.9738817388158,40.7712709366093,07E,10062018,Adult,Gray
-73.957600085245,40.7936111607879,35E,10062018,Adult,Gray
-73.9621297946132,40.7944058222814,34A,10132018,Adult,Cinnamon
-73.9662409997642,40.7891042935432,28A,10072018,Adult,Cinnamon
-73.9718234159557,40.7810842503715,18A,10122018,Adult,Gray
-73.9752673884392,40.7662642413761,02G,10102018,Adult,Gray
-73.952526164386,40.7963759240504,40G,10072018,Juvenile,Cinnamon
-73.9746933852572,40.773313866931,09C,10062018,Adult,Gray
-73.9629420113622,40.789133072717,29C,10072018,Adult,Gray
-73.9534306291679,40.7959052073753,39G,10132018,Adult,Gray
-73.9651817987035,40.7819082838334,21E,10172018,Adult,Gray
-73.9545427611477,40.7930353817441,36G,10122018,Adult,Gray
-73.9710187505339,40.7797265666746,17B,10102018,Adult,Cinnamon
-73.9703314162405,40.778584776139,16D,10102018,Adult,Gray
-73.9701481200298,40.7751110354034,12F,10202018,Adult,Cinnamon
-73.9704862864304,40.7739583111676,11F,10062018,Adult,Gray
-73.9786603147149,40.7671937837017,01D,10062018,Adult,Cinnamon
-73.9591695545875,40.7938116360767,35D,10132018,Adult,Gray
-73.9705977059862,40.7760413182276,13E,10172018,Adult,Gray
-73.9703925210471,40.7765032004992,14E,10082018,Adult,Gray
-73.973552877209,40.7715638228207,07E,10132018,Adult,Gray
-73.9700785314537,40.777714111862,15D,10072018,Adult,Gray
-73.9702348982803,40.7773295419104,15D,10172018,Adult,Gray
-73.9716736557408,40.7749333494336,12E,10172018,Adult,Gray
-73.9720065066618,40.7764043782924,13C,10102018,Adult,Gray
-73.9679336341793,40.7754186579647,14G,10132018,Adult,Gray
-73.9793082679745,40.7679930598805,02C,10132018,Adult,Gray
-73.9725844658514,40.7701092834201,07F,10122018,Adult,Gray
-73.9718262034469,40.7666771797442,04I,10072018,Adult,Black
-73.9655905300923,40.7752614638023,14I,10182018,Adult,Cinnamon
-73.9733545802515,40.7675056025357,04G,10062018,Adult,Black
-73.9711319254625,40.7760324859879,13D,10182018,Adult,Gray
-73.9746063250438,40.7687654196811,04F,10132018,Juvenile,Cinnamon
-73.9684376038582,40.7824275067237,20C,10182018,Adult,Cinnamon
-73.9582150734453,40.7962862794303,38C,10192018,Juvenile,Gray
-73.9641088172632,40.7886555184212,28C,10142018,Adult,Black
-73.9765269282059,40.7746876635248,09A,10132018,Juvenile,Cinnamon
-73.9756976076707,40.7753897331918,10A,10142018,Adult,Gray
-73.9570130017159,40.7996027428625,42B,10142018,Adult,Black
-73.9672127283283,40.7810666805133,20D,10072018,Adult,Gray
-73.9735587560787,40.7672346255151,03G,10132018,Adult,Gray
-73.9562469727195,40.79685907654,39D,10082018,Adult,Gray
-73.9694166642262,40.7697788641081,08I,10132018,Adult,Gray
-73.9583101927652,40.7852649316039,27I,10202018,Adult,Gray
-73.9638599044346,40.7809288795308,21G,10142018,Adult,Gray
-73.9697583235533,40.7787320391004,16D,10072018,Adult,Gray
-73.969570012716,40.7816501516863,19B,10182018,Adult,Gray
-73.964274290774,40.7795319556023,19H,10102018,Juvenile,Gray
-73.9632577850183,40.793112839016,33A,10082018,Adult,Gray
-73.9766440589836,40.7682390282581,03E,10062018,Adult,Gray
-73.9718729101676,40.7703692621371,07G,10182018,Adult,Gray
-73.9784863123685,40.7669225020831,01D,10062018,Juvenile,Gray
-73.9765027953575,40.7717327360835,07C,10122018,Adult,Gray
-73.9703571491616,40.7678515625131,05I,10102018,Adult,Gray
-73.9650387848001,40.7814134438394,21F,10182018,Adult,Cinnamon
-73.9690079924094,40.7845473505585,22A,10082018,Adult,Gray
-73.971379936565,40.7721434941226,09F,10142018,Adult,Gray
-73.9688293382172,40.7738958027568,12G,10122018,Adult,Gray
-73.9700666654946,40.7742857042581,12F,10072018,Adult,Gray
-73.9549135206961,40.798525897229,42D,10132018,Adult,Gray
-73.975028559002,40.7667307335544,02F,10142018,Adult,Gray
-73.9756810453606,40.7756257458036,11A,10132018,Adult,Cinnamon
-73.9631464693769,40.793415656751,33A,10182018,Adult,Gray
-73.9733882364574,40.7683078706597,05G,10062018,Adult,Gray
-73.9771726831497,40.7732320781799,08A,10132018,Adult,Gray
-73.9773096718574,40.7738053862489,08A,10132018,Juvenile,Gray
-73.9594446018346,40.7917800352042,33D,10172018,Adult,Black
-73.9570391901515,40.7930697207834,35F,10072018,Adult,Gray
-73.9682760864462,40.7780727569417,16E,10182018,Adult,Gray
-73.9562442622553,40.7957285542564,38E,10102018,Adult,Gray
-73.9716402454355,40.7665133780672,03I,10132018,Adult,Black
-73.9519639918804,40.7949911702392,39H,10072018,Adult,Gray
-73.9537356145842,40.7917273773486,35I,10062018,Adult,Gray
-73.9638167248251,40.7776485679354,18I,10072018,Adult,Cinnamon
-73.9615500510038,40.7920799263699,32C,10132018,Adult,Gray
-73.9801636400744,40.7690192055926,02A,10102018,Adult,Gray
-73.9589627056561,40.7847591558491,26I,10102018,Adult,Gray
-73.9700148248402,40.7787780193358,16D,10102018,Adult,Gray
-73.9807898224726,40.768215817511,01A,10142018,Adult,Cinnamon
-73.9700100617602,40.7815739959357,19B,10182018,Adult,Gray
-73.9794481602391,40.770638572864,04A,10072018,Adult,Gray
-73.9698032734704,40.7782343912417,16D,10072018,Adult,Gray
-73.9671147090087,40.7772624641112,16G,10102018,Adult,Gray
-73.9707274055755,40.7723889080377,10G,10172018,Adult,Gray
-73.972087127535,40.776237268628,13C,10102018,Adult,Gray
-73.9551923408239,40.7968302661402,40E,10172018,Adult,Gray
-73.96393252683,40.7808289765857,21G,10142018,Adult,Gray
-73.9690498876944,40.7700011818847,08I,10062018,Adult,Gray
-73.9580105174865,40.7974468322692,39C,10062018,Adult,Gray
-73.9615926031253,40.7944223235385,35B,10132018,Adult,Gray
-73.9696517826558,40.7769658302844,14E,10082018,Adult,Gray
-73.958060992131,40.7907158878729,32F,10122018,Adult,Gray
-73.9691318044969,40.7709801974696,09I,10142018,Adult,Cinnamon
-73.9677500862135,40.7726060987821,11I,10122018,Adult,Gray
-73.9688173465755,40.7782009764626,16E,10142018,Adult,Gray
-73.9643538221947,40.7917565604735,31A,10172018,Juvenile,Cinnamon
-73.9630820577441,40.7821632293136,22G,10182018,Adult,Gray
-73.9750688083336,40.7665584681025,02F,10142018,Adult,Gray
-73.9768674812942,40.7735232648872,08B,10122018,Adult,Gray
-73.9659118189359,40.7765739928504,15H,10132018,Adult,Gray
-73.9640588919446,40.790044098464,29B,10102018,Adult,Gray
-73.956289117157,40.7953393993803,38E,10102018,Adult,Gray
-73.9773529368499,40.7728750685699,07B,10082018,Adult,Gray
-73.9725961508316,40.7795720444974,16A,10192018,Juvenile,Gray
-73.9567255763265,40.7936331899263,36F,10172018,Adult,Gray
-73.9766541879006,40.7674077265375,02E,10102018,Adult,Cinnamon
-73.9735655529245,40.7716072681474,07E,10132018,Adult,Gray
-73.9770718586754,40.7729752391435,07B,10082018,Adult,Gray
-73.95744422055,40.7961046528557,38D,10172018,Adult,Cinnamon
-73.9744906832678,40.7699948746776,06E,10102018,Adult,Cinnamon
-73.967832992543,40.7783669913408,17E,10182018,Adult,Gray
-73.968004352343,40.7726669278308,11I,10122018,Adult,Gray
-73.9691424997919,40.780542852496,18C,10182018,Adult,Gray
-73.9615602805554,40.7945662185621,35A,10132018,Adult,Gray
-73.9624184586031,40.7921524868211,32B,10172018,Adult,Gray
-73.974275954985,40.7754723879307,11B,10072018,Adult,Gray
-73.9546042927016,40.7898133734952,33I,10062018,Adult,Gray
-73.9719068478565,40.7789062312585,15B,10142018,Adult,Gray
-73.9564741038174,40.7938845572816,36F,10172018,Adult,Gray
-73.9681671864047,40.7753770538635,14G,10122018,Adult,Cinnamon
-73.9665763797607,40.7761316400012,15H,10132018,Adult,Gray
-73.9547785081171,40.789612183711,33I,10082018,Adult,Gray
-73.979381450452,40.7709033697887,04A,10072018,Adult,Gray
-73.9615643742864,40.7944678447843,35B,10132018,Adult,Gray
-73.980048119915,40.7676638655026,01B,10122018,Adult,Gray
-73.9709897849823,40.768627964006,06H,10082018,Adult,Cinnamon
-73.9699188544459,40.7772180370053,15E,10082018,Adult,Gray
-73.9648167334089,40.7811164976329,20F,10072018,Adult,Gray
-73.9551625272308,40.791193071916,34H,10062018,Adult,Gray
-73.9631005470369,40.7885494057193,28D,10122018,Adult,Cinnamon
-73.9528682507794,40.7925807808307,36I,10072018,Adult,Gray
-73.971314838366,40.774951285041,12E,10172018,Adult,Gray
-73.9715977170548,40.7742172650622,11E,10132018,Adult,Gray
-73.9673924060436,40.7788781851716,17F,10072018,Adult,Cinnamon
-73.9746934810667,40.7659431884158,02G,10072018,Adult,Gray
-73.9735547926323,40.7723420076108,08D,10072018,Adult,Gray
-73.9570528770427,40.7990973804149,41B,10102018,Adult,Cinnamon
-73.9738611257716,40.7737246779587,10D,10082018,Adult,Gray
-73.9586570546871,40.796349417475,38C,10192018,Adult,Gray
-73.9639505810228,40.789573183584,29B,10102018,Adult,Cinnamon
-73.9710207438538,40.7682187144432,05I,10102018,Adult,Gray
-73.957138794884,40.7985389822719,40C,10172018,Adult,Gray
-73.9714465493257,40.7772135587308,14C,10062018,Adult,Gray
-73.9618064639153,40.792158440043,32C,10132018,Adult,Gray
-73.9678561384348,40.7782877397822,16E,10182018,Juvenile,Cinnamon
-73.9637824756607,40.7904737110761,30B,10072018,Adult,Gray
-73.9775079672882,40.7691500357424,04C,10102018,Adult,Gray
-73.9777978497894,40.7668620784309,01D,10062018,Juvenile,Gray
-73.9524364087437,40.792846505434,37I,10062018,Adult,Cinnamon
-73.9639159298446,40.7891774637988,29C,10072018,Adult,Gray
-73.9738481771673,40.7706540698938,07E,10132018,Adult,Gray
-73.9681917366128,40.7723298813768,11I,10122018,Adult,Gray
-73.9689000978955,40.7828364735236,20B,10132018,Adult,Gray
-73.9767835160078,40.7674030330482,02E,10142018,Adult,Cinnamon
-73.9695685186489,40.7788293026327,16D,10072018,Adult,Gray
-73.980033740004,40.7683608292333,02B,10132018,Adult,Gray
-73.967767372181,40.784702631615,23B,10122018,Adult,Gray
-73.9663977261879,40.775645134229,14H,10122018,Adult,Gray
-73.9771335416403,40.7668431485224,02E,10102018,Adult,Gray
-73.9573469787503,40.7944044592573,36E,10132018,Adult,Gray
-73.9747288122551,40.7659918747507,02G,10072018,Adult,Gray
-73.9740381194088,40.7675912588173,04G,10072018,Adult,Gray
-73.9682830510954,40.7810151087286,19D,10082018,Adult,Gray
-73.9712550584322,40.7764273475386,13D,10182018,Adult,Gray
-73.9672054610151,40.7876519923501,26A,10062018,Adult,Gray
-73.9724947710698,40.7696619340886,06G,10082018,Adult,Gray
-73.9668909481942,40.7841298584027,22C,10062018,Adult,Gray
-73.9740007759509,40.7650077086539,01H,10132018,Adult,Gray
-73.9690968160819,40.769923269444,08I,10062018,Adult,Gray
-73.9563661256875,40.7966823114508,39D,10082018,Adult,Gray
-73.9745687653791,40.7776396926997,13A,10142018,Adult,Gray
-73.9748247677824,40.7667893867839,02G,10102018,Adult,Gray
-73.9693202078293,40.771043472925,09H,10062018,Adult,Gray
-73.970996228532,40.7715540712285,09G,10072018,Adult,Gray
-73.9554891003543,40.7968774599654,40E,10142018,Adult,Gray
-73.9693894305786,40.7756906748026,13F,10082018,Adult,Gray
-73.9690082314914,40.7738993942891,12G,10122018,Adult,Gray
-73.9667474482967,40.7760643720793,15H,10082018,Adult,Cinnamon
-73.9796409671481,40.7679049871186,01C,10132018,Adult,Cinnamon
-73.9722500196844,40.7742879599026,11D,10102018,Adult,Gray
-73.9587072373474,40.7985209579925,40B,10192018,Adult,Gray
-73.9529230207908,40.7960663442573,40G,10132018,Juvenile,Gray
-73.9731880656287,40.7660026186155,02H,10062018,Adult,Black
-73.9632799339872,40.7808316436308,21H,10182018,Juvenile,Gray
-73.9771696835698,40.7697011100487,04C,10062018,Juvenile,Gray
-73.9636234953334,40.7775138547689,18I,10072018,Adult,Cinnamon
-73.9775735077285,40.7692872082165,04C,10102018,Adult,Gray
-73.9745009906157,40.7741574075364,10C,10182018,Adult,Gray
-73.9674069524601,40.7772529662424,16F,10132018,Adult,Gray
-73.97035767623,40.7714036487747,09H,10182018,Adult,Gray
-73.9697744662785,40.7755950428973,13F,10072018,Adult,Cinnamon
-73.9587179613803,40.7992119571657,41A,10072018,Adult,Gray
-73.9649632550828,40.7809187761995,20F,10072018,Adult,Gray
-73.9699369796844,40.7720350191273,10G,10172018,Adult,Gray
-73.9651250402583,40.7812884929069,20F,10072018,Juvenile,Gray
-73.9640741640547,40.7807274581426,20G,10182018,Juvenile,Gray
-73.9782417115139,40.7724665036447,07A,10062018,Adult,Gray
-73.9676539688726,40.7777229934129,16F,10082018,Adult,Gray
-73.9721210372896,40.7667971476099,04I,10062018,Adult,Gray
-73.9714242426496,40.7744535798123,11E,10122018,Adult,Gray
-73.9551370586201,40.7946465469021,38F,10182018,Adult,Gray
-73.9676732725672,40.7763194425467,15G,10192018,Adult,Gray
-73.9558370309765,40.7921977208472,35G,10072018,Adult,Gray
-73.9788138172962,40.7693001754769,03B,10102018,Juvenile,Gray
-73.9700264128414,40.7692014637698,07I,10132018,Juvenile,Cinnamon
-73.9545101041865,40.7903823616782,34I,10102018,Adult,Gray
-73.9699513151755,40.7722062991044,10G,10172018,Juvenile,Gray
-73.9745204169071,40.7736282868469,09C,10062018,Adult,Gray
-73.9695881075086,40.7842441291991,21A,10192018,Juvenile,Gray
-73.9697178096275,40.7697036696301,07I,10132018,Adult,Gray
-73.9611446263364,40.7911003407299,32D,10132018,Adult,Cinnamon
-73.9801138983722,40.7685721515635,02B,10132018,Adult,Gray
-73.953123365424,40.7941113777459,38H,10122018,Adult,Gray
-73.9775465365348,40.7681943707876,03D,10102018,Adult,Gray
-73.9564215689843,40.7957539444068,38E,10102018,Adult,Gray
-73.9553811810434,40.7970895007931,40E,10142018,Adult,Gray
-73.9668964315686,40.7777577990886,16G,10102018,Adult,Gray
-73.9548877830136,40.7950157489103,38F,10182018,Adult,Gray
-73.9548207106339,40.7946991812402,38F,10132018,Juvenile,Gray
-73.9705370795538,40.7761725434851,13E,10082018,Adult,Gray
-73.9790822606486,40.7714466633386,05A,10062018,Juvenile,Cinnamon
-73.9721899838568,40.7761519045651,13C,10102018,Adult,Gray
-73.963858549251,40.7808999610914,21G,10142018,Adult,Gray
-73.9524490779105,40.7936003219524,38I,10192018,Adult,Gray
-73.9683653449966,40.7719661592206,10I,10102018,Adult,Gray
-73.9673603655908,40.7876974177782,26A,10062018,Adult,Gray
-73.9521514669041,40.7949515182825,39H,10132018,Juvenile,Gray
-73.9549082481152,40.7933537584624,36G,10122018,Adult,Gray
-73.97033289562,40.7701079697795,07H,10062018,Adult,Cinnamon
-73.9738723117119,40.7786845612246,14A,10142018,Adult,Gray
-73.971730277301,40.7748805439381,11D,10062018,Adult,Gray
-73.9727698663722,40.7714335285174,08F,10122018,Adult,Gray
-73.9686413326172,40.7817423907284,19C,10182018,Juvenile,Gray
-73.956200809768,40.798181446265,40C,10172018,Adult,Gray
-73.9773898301093,40.7708581562057,05B,10082018,Adult,Gray
-73.9665705456197,40.7823552871044,21D,10082018,Adult,Gray
-73.9695133370801,40.7765009796853,14E,10082018,Adult,Gray
-73.9561669236168,40.7994737431277,42C,10132018,Adult,Gray
-73.9704790263224,40.7762270645666,13E,10172018,Adult,Gray
-73.9617594316752,40.7946803725236,35A,10142018,Adult,Gray
-73.9638179439747,40.7924173263904,32A,10132018,Juvenile,Gray
-73.9726920847792,40.7794117463889,16A,10192018,Adult,Cinnamon
-73.9743970455533,40.7687880243986,05F,10072018,Adult,Gray
-73.9687020800791,40.7735903424522,11H,10102018,Adult,Gray
-73.9610266708075,40.7817512107392,23I,10192018,Adult,Gray
-73.9628982772673,40.7884304803386,28D,10192018,Adult,Gray
-73.9591400366159,40.7891708599318,31F,10072018,Adult,Gray
-73.9588809150045,40.7847231576181,26I,10102018,Adult,Gray
-73.9784872728213,40.7688122603932,03C,10072018,Adult,Gray
-73.9530791622513,40.7959885603967,40G,10132018,Juvenile,Gray
-73.9787312025627,40.7701071405918,04B,10182018,Adult,Gray
-73.979734151564,40.7682150214703,02B,10102018,Adult,Gray
-73.9731113265165,40.7786640676355,15A,10172018,Adult,Gray
-73.9698959071826,40.7716763799299,09H,10062018,Adult,Gray
-73.9568524771058,40.7974664985551,40C,10062018,Juvenile,Gray
-73.9707339200738,40.7796333355689,17C,10132018,Adult,Gray
-73.9675309175947,40.7788649926486,17E,10172018,Adult,Gray
-73.9670432105975,40.7753462013506,14H,10122018,Adult,Gray
-73.9647284206644,40.7839611840884,23E,10062018,Adult,Gray
-73.9679399097382,40.7742813149957,13H,10102018,Adult,Gray
-73.9787040192473,40.7679010247281,02C,10102018,Adult,Gray
-73.9750463844984,40.7666871742836,02F,10142018,Adult,Gray
-73.9760942252437,40.7742035674209,09B,10132018,Juvenile,Gray
-73.9806805581636,40.7681537966505,01B,10122018,Adult,Gray
-73.9801651470389,40.7677698656935,01B,10122018,Adult,Gray
-73.9596949258862,40.7900079479217,31E,10062018,Adult,Gray
-73.9565197137317,40.7986011403785,41C,10072018,Adult,Black
-73.9770628333002,40.7728567364852,07B,10082018,Adult,Gray
-73.9745630038492,40.769260262874496,05E,10082018,Adult,Cinnamon
-73.9801562527339,40.7687267327113,02B,10102018,Juvenile,Gray
-73.980919134781,40.7683772453336,01A,10142018,Juvenile,Gray
-73.9601215198114,40.7909769801241,32D,10062018,Adult,Gray
-73.9756573579063,40.7656644063024,01G,10102018,Adult,Gray
-73.9801007327506,40.7677455633932,01B,10192018,Juvenile,Cinnamon
-73.9595485734618,40.7835326425693,25I,10072018,Adult,Gray
-73.9708364583591,40.7723691587433,10F,10072018,Adult,Gray
-73.9801698909399,40.7683721553321,02B,10102018,Adult,Gray
-73.9703774000082,40.7717607551555,09G,10072018,Adult,Gray
-73.9694468044483,40.770360886038,08I,10132018,Adult,Gray
-73.9702963056917,40.7697928730791,07H,10062018,Adult,Gray
-73.9748943397482,40.7703992564272,06E,10142018,Juvenile,Gray
-73.9800896621713,40.7684379810317,02B,10132018,Adult,Gray
-73.9697471123497,40.7773163388327,15E,10082018,Adult,Gray
-73.9542990150586,40.7940915300678,37G,10072018,Adult,Cinnamon
-73.9626560807032,40.7884633049896,28D,10122018,Juvenile,Black
-73.972416242971,40.7714260236636,08F,10122018,Adult,Gray
-73.9597048490102,40.7955846466241,37B,10182018,Adult,Gray
-73.9720174997123,40.7748894266027,11D,10102018,Adult,Black
-73.9525752408169,40.7954915417553,39H,10072018,Juvenile,Gray
-73.9730277911422,40.7712145488828,07F,10082018,Juvenile,Gray
-73.9711178122133,40.7672642958437,04I,10072018,Adult,Black
-73.9744488584414,40.7741627220859,10C,10132018,Adult,Gray
-73.9759830650957,40.7683034739069,03E,10062018,Adult,Gray
-73.95448101115,40.7954469678857,39F,10062018,Adult,Gray
-73.9613780522542,40.790786197111,31D,10062018,Adult,Gray
-73.9640534906634,40.7777383899836,17I,10142018,Adult,Cinnamon
-73.9794840520702,40.7709595369804,04A,10072018,Adult,Gray
-73.9604482901468,40.7898646293603,31E,10062018,Adult,Gray
-73.9746918762076,40.7655231883678,01G,10062018,Juvenile,Gray
-73.9689051473072,40.7764511282884,14F,10072018,Adult,Gray
-73.9763373510536,40.7741168933928,09B,10132018,Juvenile,Gray
-73.9755192076934,40.7664413570796,02F,10142018,Adult,Gray
-73.9671851611243,40.7750878657618,14H,10122018,Adult,Gray
-73.9715466850324,40.7695584933538,06H,10202018,Adult,Gray
-73.9580021017892,40.7955140102242,37D,10142018,Adult,Gray
-73.9771843912229,40.7723666382125,07B,10082018,Adult,Gray
-73.956998502609,40.7948117428147,37E,10062018,Adult,Gray
-73.9736164871197,40.7725695048569,08D,10072018,Adult,Gray
-73.9707215394887,40.7727508149058,10G,10062018,Adult,Gray
-73.979636950073,40.7677999753976,01C,10132018,Adult,Cinnamon
-73.9777206733344,40.7668595585487,01D,10072018,Adult,Gray
-73.9684806250183,40.7858776210151,24A,10072018,Adult,Gray
-73.9649590119935,40.7822107920769,21F,10182018,Adult,Gray
-73.9596865318094,40.7893787188526,31F,10132018,Adult,Gray
-73.9581241870185,40.7961057536141,38C,10192018,Adult,Gray
-73.9719194877439,40.7748000962909,11D,10102018,Adult,Gray
-73.951448051873,40.7973951649254,42G,10182018,Adult,Gray
-73.9746802194012,40.7731347452245,09C,10062018,Adult,Gray
-73.9632164738341,40.7921270121312,32B,10102018,Adult,Cinnamon
-73.9563473341712,40.7893712398425,32H,10062018,Adult,Gray
-73.9688070760806,40.7779688294172,16E,10142018,Adult,Gray
-73.9599197612389,40.7954836456006,36B,10132018,Adult,Gray
-73.9698843507358,40.7803754187581,18C,10182018,Juvenile,Gray
-73.9578237168359,40.7980959471034,40B,10142018,Adult,Gray
-73.9638270331336,40.7810450065235,21G,10072018,Adult,Gray
-73.9797112925048,40.7688046778472,02B,10132018,Adult,Gray
-73.9589852989486,40.7912720015917,33E,10142018,Adult,Gray
-73.9538867186376,40.7941409434007,38G,10202018,Adult,Gray
-73.9746965894947,40.7664351724309,02G,10102018,Adult,Gray
-73.9552595564798,40.7889533029466,32I,10072018,Adult,Gray
-73.958317581802,40.7916566683158,33E,10142018,Adult,Gray
-73.976422624924,40.7735818387346,08B,10072018,Adult,Gray
-73.9744555348544,40.7728498106357,08D,10072018,Adult,Cinnamon
-73.9793101482654,40.7692600238491,03B,10072018,Adult,Gray
-73.9582694312289,40.7917367820255,33F,10082018,Adult,Gray
-73.9520280004414,40.7946345014466,39I,10132018,Adult,Gray
-73.9634835346077,40.7918244310746,31A,10172018,Adult,Gray
-73.970795746101,40.7704727212299,08H,10142018,Adult,Gray
-73.9685227310735,40.776599466588,15F,10072018,Adult,Gray
-73.9551524422379,40.7910535596756,34H,10062018,Adult,Black
-73.9664669369583,40.7774085361976,16G,10102018,Adult,Gray
-73.9686304581526,40.7773631337117,15E,10082018,Adult,Gray
-73.9605362268777,40.7939470599346,35C,10072018,Adult,Gray
-73.9534509627885,40.7921084224711,36I,10172018,Adult,Gray
-73.9685859705486,40.7848805065322,23A,10182018,Adult,Gray
-73.9564478909357,40.7976928775417,40C,10062018,Adult,Black
-73.9642900903774,40.7917017168842,31A,10102018,Adult,Gray
-73.9656324462902,40.7834034753081,22E,10142018,Adult,Gray
-73.9772635911119,40.7709428872533,06B,10172018,Adult,Gray
-73.9764397550289,40.7737004557104,08B,10072018,Adult,Gray
-73.9699672074164,40.7774389345748,15D,10072018,Adult,Gray
-73.9527227282134,40.7935061484064,37I,10102018,Adult,Cinnamon
-73.9756993198381,40.7681956641913,03E,10082018,Adult,Cinnamon
-73.9757673193743,40.7669614322613,02F,10142018,Adult,Gray
-73.9583688637255,40.791388958496,33E,10122018,Adult,Gray
-73.9767220179725,40.7753262103123,10A,10142018,Adult,Gray
-73.9676410497481,40.7766043512974,15G,10192018,Adult,Gray
-73.9667206046912,40.7779993565098,17G,10172018,Adult,Gray
-73.975592325642907,40.7672967972471,03F,10132018,Adult,Black
-73.9559677963727,40.7951124076946,38E,10102018,Adult,Gray
-73.9801985977846,40.7680159511705,01B,10122018,Adult,Cinnamon
-73.9623696148045,40.792184861375,32B,10172018,Adult,Gray
-73.9531013359625,40.7921223556535,36I,10072018,Adult,Gray
-73.9809876538513,40.7683223242143,01A,10142018,Adult,Gray
-73.9770948563006,40.7724063459185,07B,10082018,Adult,Gray
-73.9690168673844,40.7777612043914,15E,10132018,Adult,Gray
-73.968807163616,40.7812018159499,19C,10182018,Adult,Gray
-73.9702420100291,40.7772720889907,14D,10142018,Adult,Gray
-73.9693876553956,40.7707232748402,08I,10062018,Adult,Gray
-73.9706360005275,40.7717074044466,09G,10072018,Adult,Gray
-73.9719036217446,40.7803588122409,17A,10172018,Adult,Gray
-73.9532657715601,40.7949046809422,39G,10182018,Juvenile,Gray
-73.9747060143742,40.7728528164878,08C,10072018,Adult,Gray
-73.9592103064327,40.7904390691553,32E,10172018,Adult,Gray
-73.9755562526811,40.7678821029525,03E,10062018,Adult,Gray
-73.9701030393506,40.7838953063625,21A,10192018,Juvenile,Gray
-73.967762162893,40.7823359027165,20C,10182018,Juvenile,Cinnamon
-73.9686622009739,40.7767294380502,15F,10102018,Adult,Gray
-73.9690175838534,40.7760432720017,14F,10072018,Juvenile,Gray
-73.9617207091245,40.7922839025935,33B,10102018,Adult,Gray
-73.9719359643975,40.772699885583,09F,10142018,Adult,Gray
-73.9722472286151,40.7699550476176,06G,10202018,Adult,Gray
-73.9754802138871,40.773300804412,09C,10062018,Adult,Gray
-73.9548957862084,40.7944844464619,37G,10142018,Adult,Gray
-73.9725157534356,40.765837672923404,02I,10062018,Adult,Gray
-73.9615516703494,40.7905219388359,31D,10142018,Juvenile,Gray
-73.9775571403892,40.7665316585198,01E,10072018,Adult,Gray
-73.9671419119456,40.7758602486862,14G,10122018,Adult,Cinnamon
-73.9576349321357,40.7904409912437,32G,10132018,Juvenile,Gray
-73.9811218801005,40.7684406206185,01A,10142018,Adult,Gray
-73.9673103881521,40.7874267409618,26A,10062018,Juvenile,Gray
-73.9628349778362,40.793887005206,34A,10132018,Adult,Gray
-73.9735383602914,40.7723124703937,08D,10072018,Adult,Gray
-73.9544553697736,40.7912866208106,34I,10122018,Adult,Gray
-73.9631350020634,40.791907210332,32B,10102018,Juvenile,Gray
-73.9540151828782,40.7920066170587,35H,10132018,Adult,Cinnamon
-73.9608834102446,40.790624710005,31D,10142018,Juvenile,Gray
-73.9787846880249,40.7682545903488,02C,10132018,Adult,Gray
-73.9756894776708,40.7681638218212,04E,10202018,Adult,Cinnamon
-73.9682129261841,40.7754232358118,14G,10122018,Adult,Gray
-73.9589249555235,40.7908193284981,32E,10172018,Adult,Gray
-73.9801619956135,40.7678576697542,01B,10122018,Adult,Cinnamon
-73.9692650850957,40.7713793846002,09H,10182018,Adult,Gray
-73.9579645940414,40.7918613498407,34F,10072018,Adult,Gray
-73.9548431601579,40.7906346271566,34I,10102018,Adult,Gray
-73.9639024988123,40.7776953065849,18I,10072018,Adult,Gray
-73.9695964983454,40.7802302192799,18C,10182018,Juvenile,Black
-73.9752029513644,40.7671734667361,03F,10062018,Adult,Cinnamon
-73.9748962681637,40.76787782717,04F,10132018,Adult,Gray
-73.9692946938852,40.7767389791452,14E,10082018,Adult,Gray
-73.954959868822,40.7985404965582,41D,10142018,Adult,Gray
-73.9756533763813,40.7733537881363,08B,10122018,Adult,Cinnamon
-73.9542332505231,40.7933475171434,37G,10142018,Adult,Gray
-73.9578316525492,40.7890102959629,31G,10072018,Adult,Gray
-73.9576304473722,40.7959810622342,38D,10172018,Adult,Gray
-73.9687476703117,40.7742856696093,12G,10122018,Adult,Cinnamon
-73.953296595236,40.7927644594513,36I,10172018,Adult,Gray
-73.9697160572446,40.7711445570446,09H,10062018,Adult,Gray
-73.9542074814296,40.7954322240004,39F,10142018,Adult,Gray
-73.9665871993517,40.7836775064883,22D,10122018,Adult,Gray
-73.9704339422613,40.7740149529644,11F,10062018,Adult,Gray
-73.9571233640232,40.7992458980266,41B,10142018,Adult,Gray
-73.9598378495787,40.7956843021662,37B,10182018,Adult,Gray
-73.9754794191553,40.7696404489025,05E,10122018,Adult,Cinnamon
-73.9591667162801,40.7937602121568,35D,10132018,Juvenile,Gray
-73.9683041099256,40.7862652300082,24A,10142018,Adult,Gray
-73.9700879096644,40.7765899724756,14E,10172018,Adult,Gray
-73.9604089940153,40.7910028063138,32D,10132018,Adult,Cinnamon
-73.9757413215621,40.7692582758978,04E,10082018,Adult,Gray
-73.9579689996645,40.7949338489917,37D,10182018,Juvenile,Gray
-73.9709817796369,40.7773554311586,14D,10192018,Adult,Gray
-73.9657327332849,40.7747554568985,14I,10182018,Juvenile,Gray
-73.9787658435198,40.7689419765393,03B,10072018,Adult,Gray
-73.9569811285656,40.793091234605,35F,10122018,Adult,Gray
-73.9681093100008,40.7731753915361,11H,10132018,Adult,Gray
-73.9657958433575,40.7763496875058,15H,10132018,Adult,Gray
-73.9541500874008,40.7920329989756,35H,10132018,Juvenile,Cinnamon
-73.9748318777506,40.7771821378056,13A,10172018,Adult,Gray
-73.9583477850634,40.7914073632782,33F,10122018,Adult,Gray
-73.9785300509908,40.7721127748427,06A,10062018,Adult,Gray
-73.9564632239432,40.7904807427954,33G,10132018,Adult,Cinnamon
-73.9703705008688,40.7818586173755,19B,10182018,Adult,Gray
-73.9616972557304,40.7953872829374,36A,10132018,Juvenile,Cinnamon
-73.9743873549635,40.7745426051392,10C,10182018,Adult,Gray
-73.9745953710328,40.7728284025195,08D,10072018,Adult,Gray
-73.9661361310677,40.7787872561177,18G,10132018,Adult,Gray
-73.9540022445432,40.797940985497704,41E,10072018,Adult,Gray
-73.9789971286844,40.7707024146365,05A,10102018,Adult,Cinnamon
-73.9704121989487,40.7824040236981,19A,10132018,Adult,Gray
-73.9587401274261,40.7960322222949,37C,10132018,Adult,Gray
-73.9590502257662,40.794290363687,36C,10132018,Adult,Gray
-73.9561840935803,40.799203782149696,42C,10132018,Adult,Gray
-73.964593167562,40.7780374890066,18H,10142018,Adult,Gray
-73.9532074573139,40.7934669464908,37H,10062018,Adult,Gray
-73.974828939898,40.7668886121909,02F,10142018,Adult,Gray
-73.9767141407274,40.7737313251559,08A,10142018,Juvenile,Gray
-73.9807078515193,40.7683335292642,02A,10102018,Adult,Cinnamon
-73.9742010726136,40.769150169929,05F,10072018,Adult,Gray
-73.9707683621584,40.7759815566123,13E,10172018,Adult,Gray
-73.9607056611532,40.7889786103871,30E,10082018,Adult,Gray
-73.9710026704697,40.7761052764621,13D,10142018,Adult,Gray
-73.9676112864286,40.7772792086081,16F,10082018,Adult,Gray
-73.9643223016635,40.781431908715,21F,10182018,Adult,Cinnamon
-73.9710116801402,40.7723689301989,10G,10172018,Adult,Black
-73.9598084794625,40.7976165434502,39A,10142018,Adult,Gray
-73.9729603550254,40.7660215710657,03H,10082018,Adult,Black
-73.9595613548804,40.7838057527338,25I,10072018,Adult,Gray
-73.9573724133264,40.7980080911115,40C,10172018,Adult,Gray
-73.9734687538064,40.7694308959222,06F,10082018,Adult,Cinnamon
-73.969058856545,40.7766356226979,14F,10122018,Adult,Cinnamon
-73.9632646049622,40.7817401292083,22G,10182018,Adult,Gray
-73.970315671921,40.7720905395472,10G,10172018,Adult,Gray
-73.9574749571848,40.7981898890735,40C,10062018,Adult,Gray
-73.9761776424664,40.7695941843825,05D,10182018,Adult,Gray
-73.9793334416378,40.7674142089209,01C,10132018,Adult,Cinnamon
-73.9623922773932,40.7814944428327,22H,10072018,Adult,Cinnamon
-73.9578779556574,40.7934116539732,35E,10062018,Adult,Gray
-73.9782283921819,40.7667932602077,01D,10072018,Adult,Gray
-73.958024711869,40.7938724278575,36D,10072018,Adult,Gray
-73.9662438996681,40.7890381809441,28A,10072018,Adult,Cinnamon
-73.9707737073771,40.7800373465838,17B,10122018,Adult,Black
-73.9674285955293,40.7829723919744,21C,10062018,Adult,Gray
-73.9696688162449,40.7741422177187,12F,10202018,Adult,Black
-73.9726958070536,40.7706096126328,07F,10082018,Adult,Gray
-73.9699124811406,40.7743016981538,12F,10072018,Adult,Gray
-73.9535410657077,40.7928711760061,36H,10082018,Adult,Gray
-73.9736238258579,40.7688712771191,05F,10072018,Adult,Gray
-73.9589635326362,40.7951748673846,37C,10122018,Adult,Gray
-73.9693338657183,40.7757055884538,13F,10082018,Adult,Gray
-73.9764314091366,40.7736458057952,08B,10072018,Adult,Gray
-73.9541201789795,40.7931811701082,36H,10102018,Adult,Gray
-73.9761447791484,40.7690147873986,04D,10082018,Adult,Cinnamon
-73.9694681803635,40.770585795359,08I,10062018,Adult,Gray
-73.9638298997554,40.7825966332367,22F,10072018,Adult,Cinnamon
-73.9653739273979,40.7889762096967,28B,10102018,Adult,Gray
-73.9631045499811,40.7906180969472,30B,10192018,Adult,Gray
-73.9772070122251,40.7694343352509,04C,10102018,Adult,Cinnamon
-73.965738547469,40.7886962740167,27B,10062018,Adult,Gray
-73.9620542514749,40.7943731722138,34A,10122018,Adult,Gray
-73.9680774548516,40.7762491903691,14F,10122018,Adult,Gray
-73.9697983725608,40.7700677022205,08I,10132018,Adult,Gray
-73.971086588091,40.7719703235178,09G,10072018,Adult,Gray
-73.9600546294497,40.7914969165757,33D,10172018,Adult,Gray
-73.9538938706987,40.7981150065974,42E,10122018,Adult,Gray
-73.9704449096084,40.7689970778303,06I,10132018,Adult,Gray
-73.9767317539505,40.7717600450632,06B,10172018,Adult,Gray
-73.9729265300533,40.7741768291642,10D,10082018,Adult,Cinnamon
-73.9713519158027,40.7798470142991,17B,10102018,Adult,Gray
-73.9699517492486,40.7753169595373,13F,10082018,Adult,Gray
-73.9771575249322,40.7673873716547,02E,10102018,Adult,Gray
-73.9726090882487,40.7710199108849,07F,10082018,Adult,Gray
-73.9597994674082,40.797298837759,38A,10132018,Adult,Gray
-73.9765805609072,40.7692807820935,04D,10082018,Adult,Cinnamon
-73.9673548527075,40.7765669058396,15G,10192018,Adult,Gray
-73.968906907671,40.7816278267843,19C,10182018,Juvenile,Gray
-73.9703169373939,40.7700658823854,07H,10062018,Adult,Gray
-73.976730206737,40.773709213914,08A,10142018,Adult,Gray
-73.95827701417,40.7856610238891,28I,10072018,Adult,Gray
-73.9527184914182,40.7926785904847,37I,10062018,Adult,Gray
-73.973268329435,40.7708296517073,07E,10062018,Adult,Gray
-73.97348276186,40.7656171832911,02H,10062018,Adult,Gray
-73.9708564226824,40.7726219968014,10F,10192018,Adult,Gray
-73.9752263564287,40.772084917017,07C,10202018,Adult,Gray
-73.9790203973636,40.7688837114832,03B,10102018,Juvenile,Gray
-73.9719109949232,40.7723138521327,09F,10132018,Adult,Black
-73.9682688752331,40.7711934835539,09I,10102018,Adult,Gray
-73.9730039581521,40.7730688398468,09E,10142018,Adult,Gray
-73.9711801122578,40.7786888942214,16C,10142018,Adult,Gray
-73.9616693665254,40.792971019627,33B,10102018,Adult,Gray
-73.9593624259363,40.7905522356793,32E,10072018,Adult,Gray
-73.971905618214,40.776238547063,13D,10182018,Adult,Gray
-73.9558180952889,40.7886810505944,31I,10192018,Adult,Gray
-73.9728895595977,40.7699378332299,06F,10062018,Juvenile,Cinnamon
-73.9760749752948,40.7703284894392,05D,10182018,Adult,Gray
-73.976769659152,40.7741908010484,09A,10132018,Juvenile,Gray
-73.9690395363594,40.771128205027,09I,10102018,Adult,Gray
-73.9730111650468,40.7782157736204,14B,10142018,Adult,Gray
-73.9748669205206,40.7743879232016,10B,10062018,Adult,Gray
-73.970595381455,40.7762912142457,13E,10082018,Adult,Gray
-73.9756278240233,40.7669523701372,02F,10062018,Adult,Gray
-73.9581389870644,40.7993081122523,41A,10072018,Adult,Gray
-73.9704677007779,40.7786860108302,16C,10182018,Adult,Gray
-73.9751729403694,40.7743284123118,10B,10142018,Adult,Gray
-73.9623356369432,40.7888693815168,29D,10142018,Adult,Gray
-73.9577212629651,40.7965525296722,38C,10142018,Adult,Gray
-73.9714089647431,40.7767916587915,14D,10142018,Adult,Gray
-73.9687134137786,40.7812207913391,19C,10182018,Adult,Gray
-73.9643825381614,40.7815445841195,21F,10182018,Adult,Gray
-73.9694240327509,40.7755898126674,13F,10072018,Adult,Cinnamon
-73.9712256765283,40.7760942872488,13D,10182018,Adult,Gray
-73.9701412231078,40.7714534088899,09H,10182018,Adult,Gray
-73.9614218413356,40.7938945058793,34B,10132018,Adult,Gray
-73.9691692160865,40.7725330502929,10H,10072018,Adult,Gray
-73.9581243021722,40.794431473386,36D,10072018,Adult,Cinnamon
-73.9527924755398,40.7934366260533,37I,10102018,Adult,Gray
-73.958247706428,40.7989079136796,40B,10192018,Adult,Gray
-73.9594708328732,40.791192982895,32E,10072018,Adult,Gray
-73.9707197274481,40.7773956803431,14D,10192018,Adult,Gray
-73.9622047677701,40.7945126358465,35A,10142018,Adult,Gray
-73.9613276802049,40.7943813964442,35B,10132018,Adult,Gray
-73.9702721244652,40.7701011774207,07H,10062018,Adult,Gray
-73.9679319758284,40.7821154802399,20C,10182018,Juvenile,Cinnamon
-73.9728170980779,40.7703557830437,07F,10082018,Adult,Gray
-73.969784066769,40.7766940405403,14E,10082018,Adult,Gray
-73.9542828053256,40.7941797320355,37G,10142018,Adult,Gray
-73.9589470461357,40.7912817646361,33E,10142018,Juvenile,Gray
-73.9547336666137,40.7938937756332,37G,10072018,Adult,Gray
-73.9724618533895,40.7745021602455,11D,10102018,Adult,Cinnamon
-73.9694382427984,40.7846350692923,22A,10082018,Adult,Cinnamon
-73.9512120949478,40.7947945266515,39I,10132018,Adult,Gray
-73.97157754108,40.7776249963967,14C,10062018,Adult,Gray
-73.9537703231359,40.7915959393814,35I,10132018,Adult,Cinnamon
-73.9768434635084,40.7728494038744,07B,10082018,Adult,Gray
-73.9739403850622,40.7693162287509,05F,10072018,Adult,Gray
-73.9599424115626,40.7957472585327,37B,10182018,Adult,Gray
-73.9698044218476,40.7697007833531,07I,10132018,Adult,Cinnamon
-73.9563311167069,40.7950901563337,38E,10102018,Adult,Cinnamon
-73.9751806727197,40.7671940332258,03F,10132018,Adult,Gray
-73.970216605149,40.7702960667277,08H,10142018,Adult,Gray
-73.9712022111028,40.7672504368263,04I,10062018,Adult,Black
-73.9744226682925,40.7755625717273,11B,10072018,Adult,Gray
-73.961335649743,40.7818876867842,23H,10192018,Adult,Gray
-73.9584070974734,40.7913812490557,33F,10082018,Adult,Gray
-73.958932543729,40.7913445531266,33E,10142018,Juvenile,Gray
-73.9714653576023,40.7717400139502,09F,10132018,Adult,Gray
-73.9774584305147,40.7708133986192,05B,10082018,Adult,Gray
-73.9710531485298,40.7773757069445,14D,10192018,Adult,Gray
-73.9535980341677,40.7981186822179,42E,10122018,Adult,Gray
-73.9710547484029,40.7723589827074,09F,10142018,Adult,Gray
-73.9737247632185,40.7759469280872,12C,10172018,Juvenile,Gray
-73.9785709201168,40.7674391934208,02C,10132018,Adult,Gray
-73.9756273257684,40.7706539186221,06D,10082018,Adult,Gray
-73.9683312453011,40.7801661685712,18D,10172018,Adult,Gray
-73.9550082056509,40.7894521543449,33I,10082018,Adult,Gray
-73.976864402584,40.7705663751959,05C,10102018,Adult,Gray
-73.960864328605,40.7902122634639,31D,10062018,Adult,Gray
-73.9521950056404,40.794937340845,39H,10132018,Adult,Gray
-73.9775068915715,40.7664424394736,01E,10062018,Adult,Gray
-73.9676270670996,40.776391443152,15G,10082018,Adult,Gray
-73.9790214253443,40.7686791169776,03B,10072018,Adult,Gray
-73.9799302952205,40.7677207209798,01B,10192018,Adult,Gray
-73.9734630412566,40.7653097139415,01H,10132018,Adult,Cinnamon
-73.9711378905748,40.7696218346333,07H,10062018,Adult,Gray
-73.9623984262936,40.7913900453449,31C,10102018,Adult,Gray
-73.9561124892063,40.7949440648632,37E,10132018,Adult,Gray
-73.9681146830162,40.7736772279412,12H,10072018,Adult,Gray
-73.9735833104203,40.7786318041581,14A,10142018,Adult,Gray
-73.9772396728545,40.7668696411765,02E,10102018,Adult,Gray
-73.9785948413883,40.7718908026758,06A,10122018,Adult,Cinnamon
-73.9755259087781,40.7707256124181,06D,10082018,Adult,Cinnamon
-73.965862100991,40.7825926896917,22D,10122018,Adult,Gray
-73.9787723082807,40.7713655754004,05A,10102018,Adult,Gray
-73.9783366903829,40.7668300056094,01D,10072018,Adult,Gray
-73.9584970643213,40.7982886348696,40B,10192018,Juvenile,Gray
-73.975198284551,40.7740343763399,09B,10102018,Juvenile,Gray
-73.953664715831,40.7981256393159,41E,10132018,Adult,Cinnamon
-73.963100689807,40.7920255189467,32B,10172018,Adult,Gray
-73.9730454295997,40.7702909454392,07F,10082018,Adult,Gray
-73.9767953468937,40.7676376977667,03E,10062018,Adult,Gray
-73.9689703880705,40.7712025611298,09I,10102018,Adult,Gray
-73.9645365195454,40.7781531021263,18H,10182018,Adult,Gray
-73.9714057327159,40.7720375135272,09F,10142018,Adult,Gray
-73.9709244006956,40.7676942639697,05I,10102018,Adult,Gray
-73.9686551213305,40.7728617837174,11H,10132018,Adult,Gray
-73.9556177490335,40.7888569161537,32I,10132018,Juvenile,Gray
-73.9697159562944,40.7730671417653,11G,10132018,Adult,Gray
-73.9565738895972,40.7900160952624,32H,10102018,Juvenile,Gray
-73.9718474480919,40.7794963354254,16B,10142018,Adult,Gray
-73.9741944367138,40.7769889953596,13B,10082018,Adult,Gray
-73.9603366992925,40.7899612889539,31E,10062018,Adult,Gray
-73.9744390217386,40.7663168362582,02G,10102018,Adult,Gray
-73.9566705412766,40.7935560645735,36F,10122018,Adult,Gray
-73.950827557335,40.797579073666,42H,10142018,Adult,Gray
-73.9562733511031,40.7993142101839,42C,10132018,Adult,Gray
-73.9708640291801,40.7781721063527,15C,10102018,Adult,Gray
-73.9613998967903,40.7912437235667,32C,10132018,Adult,Gray
-73.9772908667333,40.7697207404744,04C,10062018,Juvenile,Gray
-73.9716624574422,40.7762037110101,13D,10182018,Adult,Gray
-73.9674984567017,40.7745938268705,13H,10102018,Adult,Gray
-73.9722261495647,40.7690542072646,06G,10202018,Adult,Gray
-73.9619609976132,40.7922824443528,33B,10102018,Adult,Gray
-73.9781033448468,40.766672406621304,01D,10062018,Adult,Cinnamon
